transaction_id,user_id,transaction_amount,transaction_type,payment_channel,transaction_status,region,device_type,fraud_flag,timestamp
1,1102,465043.41,payment,wallet,success,Lagos,ios,0,2025-01-01 00:00:00
2,1435,35672.86,airtime,bank_transfer,success,Port Harcourt,android,0,2025-01-01 01:00:00
3,1860,104854.9,airtime,card,success,Lagos,web,0,2025-01-01 02:00:00
4,1270,335736.19,bill,bank_transfer,success,Ibadan,web,0,2025-01-01 03:00:00
5,1106,179644.07,transfer,wallet,success,Port Harcourt,ios,0,2025-01-01 04:00:00
6,1071,127454.74,payment,ussd,pending,Kano,ios,0,2025-01-01 05:00:00
7,1700,147997.65,transfer,ussd,success,Ibadan,web,0,2025-01-01 06:00:00
8,1020,161614.11,transfer,card,success,Kano,android,0,2025-01-01 07:00:00
9,1614,424410.56,transfer,bank_transfer,success,Abuja,web,0,2025-01-01 08:00:00
10,1121,68742.36,transfer,bank_transfer,success,Ibadan,ios,0,2025-01-01 09:00:00
11,1466,354601.04,airtime,card,pending,Abuja,android,1,2025-01-01 10:00:00
12,1214,276633.58,airtime,ussd,success,Ibadan,android,0,2025-01-01 11:00:00
13,1330,148606.82,transfer,wallet,success,Ibadan,web,0,2025-01-01 12:00:00
14,1458,210180.54,payment,card,success,Abuja,ios,0,2025-01-01 13:00:00
15,1087,128475.37,bill,wallet,pending,Port Harcourt,web,0,2025-01-01 14:00:00
16,1372,305951.1,payment,ussd,pending,Lagos,web,1,2025-01-01 15:00:00
17,1099,41256.29,payment,bank_transfer,success,Kano,web,0,2025-01-01 16:00:00
18,1871,3089.84,payment,ussd,success,Ibadan,android,0,2025-01-01 17:00:00
19,1663,314133.26,transfer,card,success,Kano,android,0,2025-01-01 18:00:00
20,1130,97539.84,airtime,bank_transfer,success,Abuja,ios,0,2025-01-01 19:00:00
21,1661,35934.99,payment,card,success,Kano,ios,0,2025-01-01 20:00:00
22,1308,198693.52,transfer,card,success,Abuja,web,0,2025-01-01 21:00:00
23,1769,25858.88,payment,ussd,success,Kano,web,0,2025-01-01 22:00:00
24,1343,443365.27,payment,card,success,Lagos,web,0,2025-01-01 23:00:00
25,1491,14294.58,transfer,ussd,success,Lagos,ios,0,2025-01-02 00:00:00
26,1413,289643.02,airtime,bank_transfer,success,Lagos,android,0,2025-01-02 01:00:00
27,1805,219517.82,airtime,ussd,pending,Lagos,android,0,2025-01-02 02:00:00
28,1385,336177.05,bill,bank_transfer,success,Lagos,web,0,2025-01-02 03:00:00
29,1191,164412.26,transfer,ussd,success,Lagos,web,0,2025-01-02 04:00:00
30,1955,77943.29,bill,wallet,failed,Abuja,web,0,2025-01-02 05:00:00
31,1276,490929.52,bill,wallet,success,Ibadan,web,0,2025-01-02 06:00:00
32,1160,419547.28,bill,card,failed,Kano,ios,0,2025-01-02 07:00:00
33,1459,430272.11,airtime,ussd,success,Lagos,android,0,2025-01-02 08:00:00
34,1313,125500.55,transfer,ussd,success,Abuja,web,0,2025-01-02 09:00:00
35,1021,19897.95,bill,bank_transfer,pending,Abuja,ios,0,2025-01-02 10:00:00
36,1252,151981.12,transfer,card,success,Abuja,web,0,2025-01-02 11:00:00
37,1747,268772.67,transfer,ussd,success,Ibadan,web,0,2025-01-02 12:00:00
38,1856,163662.3,airtime,card,failed,Kano,android,0,2025-01-02 13:00:00
39,1560,414020.57,bill,wallet,success,Ibadan,web,0,2025-01-02 14:00:00
40,1474,136135.69,bill,ussd,success,Port Harcourt,android,1,2025-01-02 15:00:00
41,1058,482643.29,transfer,ussd,pending,Abuja,android,0,2025-01-02 16:00:00
42,1510,228903.95,payment,card,success,Port Harcourt,android,1,2025-01-02 17:00:00
43,1681,421090.53,airtime,ussd,failed,Lagos,ios,0,2025-01-02 18:00:00
44,1475,97592.83,airtime,card,success,Lagos,ios,0,2025-01-02 19:00:00
45,1699,205971.28,airtime,ussd,success,Ibadan,android,0,2025-01-02 20:00:00
46,1975,349906.35,airtime,bank_transfer,success,Kano,web,0,2025-01-02 21:00:00
47,1782,69607.37,bill,card,success,Port Harcourt,android,0,2025-01-02 22:00:00
48,1189,66806.34,bill,ussd,pending,Kano,web,0,2025-01-02 23:00:00
49,1957,484783.67,payment,wallet,pending,Ibadan,android,0,2025-01-03 00:00:00
50,1686,357440.25,airtime,ussd,success,Lagos,web,0,2025-01-03 01:00:00
51,1957,21013.22,airtime,wallet,success,Kano,ios,0,2025-01-03 02:00:00
52,1562,199711.04,transfer,wallet,success,Kano,web,0,2025-01-03 03:00:00
53,1875,217043.61,bill,bank_transfer,success,Lagos,android,0,2025-01-03 04:00:00
54,1566,372149.3,airtime,card,success,Port Harcourt,ios,0,2025-01-03 05:00:00
55,1243,125804.83,payment,ussd,success,Lagos,web,0,2025-01-03 06:00:00
56,1831,92574.67,payment,bank_transfer,success,Kano,web,0,2025-01-03 07:00:00
57,1504,40896.05,bill,ussd,success,Port Harcourt,web,0,2025-01-03 08:00:00
58,1130,214443.08,payment,wallet,success,Port Harcourt,web,0,2025-01-03 09:00:00
59,1484,344405.7,payment,card,success,Lagos,web,0,2025-01-03 10:00:00
60,1818,29567.7,bill,ussd,success,Kano,ios,0,2025-01-03 11:00:00
61,1646,457649.26,airtime,ussd,success,Ibadan,ios,0,2025-01-03 12:00:00
62,1020,221454.94,airtime,wallet,success,Kano,ios,0,2025-01-03 13:00:00
63,1840,120273.79,payment,ussd,success,Abuja,ios,0,2025-01-03 14:00:00
64,1166,47389.71,payment,ussd,success,Ibadan,android,0,2025-01-03 15:00:00
65,1273,91841.57,airtime,wallet,success,Port Harcourt,ios,0,2025-01-03 16:00:00
66,1387,467339.69,bill,bank_transfer,success,Ibadan,web,0,2025-01-03 17:00:00
67,1600,319316.16,payment,wallet,success,Port Harcourt,web,0,2025-01-03 18:00:00
68,1315,258589.78,transfer,bank_transfer,success,Port Harcourt,ios,1,2025-01-03 19:00:00
69,1013,328727.11,bill,card,success,Ibadan,web,0,2025-01-03 20:00:00
70,1241,218118.61,payment,bank_transfer,failed,Port Harcourt,ios,0,2025-01-03 21:00:00
71,1776,365154.64,payment,bank_transfer,success,Port Harcourt,web,0,2025-01-03 22:00:00
72,1345,24334.21,transfer,card,success,Abuja,android,0,2025-01-03 23:00:00
73,1564,283235.59,transfer,bank_transfer,success,Kano,android,0,2025-01-04 00:00:00
74,1897,79743.9,airtime,wallet,success,Kano,ios,0,2025-01-04 01:00:00
75,1339,60522.24,bill,bank_transfer,success,Abuja,ios,0,2025-01-04 02:00:00
76,1091,171268.89,bill,card,success,Ibadan,ios,0,2025-01-04 03:00:00
77,1366,46353.63,airtime,wallet,success,Lagos,web,0,2025-01-04 04:00:00
78,1955,47531.42,bill,card,success,Lagos,ios,0,2025-01-04 05:00:00
79,1454,156050.95,bill,card,success,Lagos,android,0,2025-01-04 06:00:00
80,1427,489765.51,bill,ussd,success,Abuja,web,0,2025-01-04 07:00:00
81,1508,88077.47,bill,ussd,success,Abuja,ios,0,2025-01-04 08:00:00
82,1775,9071.97,bill,card,success,Port Harcourt,web,0,2025-01-04 09:00:00
83,1942,381800.53,transfer,card,success,Lagos,web,0,2025-01-04 10:00:00
84,1034,403553.03,bill,card,failed,Ibadan,ios,0,2025-01-04 11:00:00
85,1205,173479.01,transfer,ussd,success,Ibadan,web,0,2025-01-04 12:00:00
86,1080,232604.57,bill,ussd,pending,Lagos,android,0,2025-01-04 13:00:00
87,1931,325061.95,airtime,bank_transfer,success,Lagos,android,0,2025-01-04 14:00:00
88,1561,24505.43,payment,bank_transfer,failed,Lagos,web,0,2025-01-04 15:00:00
89,1871,474598.29,transfer,card,success,Abuja,ios,1,2025-01-04 16:00:00
90,1387,443396.85,bill,wallet,success,Abuja,web,0,2025-01-04 17:00:00
91,1001,130816.36,airtime,wallet,success,Abuja,android,0,2025-01-04 18:00:00
92,1389,8144.62,payment,ussd,success,Kano,web,0,2025-01-04 19:00:00
93,1565,466751.44,transfer,ussd,success,Ibadan,web,0,2025-01-04 20:00:00
94,1105,250769.42,payment,ussd,success,Ibadan,android,0,2025-01-04 21:00:00
95,1771,269919.04,airtime,card,success,Port Harcourt,web,0,2025-01-04 22:00:00
96,1821,342139.9,transfer,wallet,success,Abuja,web,0,2025-01-04 23:00:00
97,1476,308117.66,payment,bank_transfer,success,Kano,ios,0,2025-01-05 00:00:00
98,1702,471973.86,bill,card,success,Kano,ios,0,2025-01-05 01:00:00
99,1401,472153.67,transfer,bank_transfer,success,Ibadan,android,0,2025-01-05 02:00:00
100,1729,433665.87,payment,bank_transfer,success,Abuja,android,0,2025-01-05 03:00:00
101,1555,318383.6,airtime,card,success,Port Harcourt,android,0,2025-01-05 04:00:00
102,1161,400574.17,airtime,bank_transfer,pending,Abuja,ios,0,2025-01-05 05:00:00
103,1201,338745.59,transfer,wallet,success,Lagos,android,0,2025-01-05 06:00:00
104,1957,286896.84,payment,bank_transfer,success,Abuja,android,0,2025-01-05 07:00:00
105,1995,64685.93,transfer,wallet,success,Lagos,android,0,2025-01-05 08:00:00
106,1269,405696.49,transfer,wallet,success,Lagos,ios,0,2025-01-05 09:00:00
107,1862,410409.42,payment,wallet,failed,Port Harcourt,web,0,2025-01-05 10:00:00
108,1815,313156.87,payment,ussd,success,Ibadan,android,0,2025-01-05 11:00:00
109,1270,410303.21,bill,bank_transfer,success,Abuja,web,0,2025-01-05 12:00:00
110,1455,325916.64,payment,card,success,Lagos,android,0,2025-01-05 13:00:00
111,1461,103738.84,airtime,card,success,Abuja,web,0,2025-01-05 14:00:00
112,1726,137343.58,transfer,bank_transfer,success,Ibadan,ios,0,2025-01-05 15:00:00
113,1251,107687.27,transfer,ussd,success,Ibadan,ios,0,2025-01-05 16:00:00
114,1701,188940.91,airtime,ussd,success,Kano,android,0,2025-01-05 17:00:00
115,1295,19962.08,payment,wallet,success,Ibadan,web,0,2025-01-05 18:00:00
116,1724,309317.82,airtime,bank_transfer,success,Port Harcourt,ios,0,2025-01-05 19:00:00
117,1719,168608.83,airtime,bank_transfer,success,Lagos,android,0,2025-01-05 20:00:00
118,1748,328033.46,bill,card,success,Kano,android,0,2025-01-05 21:00:00
119,1337,193005.61,airtime,bank_transfer,success,Port Harcourt,ios,0,2025-01-05 22:00:00
120,1878,340966.03,transfer,ussd,success,Abuja,ios,0,2025-01-05 23:00:00
121,1052,170641.97,airtime,bank_transfer,success,Lagos,android,0,2025-01-06 00:00:00
122,1791,130716.92,transfer,card,success,Ibadan,web,0,2025-01-06 01:00:00
123,1921,248270.71,transfer,wallet,success,Lagos,web,0,2025-01-06 02:00:00
124,1216,346598.73,transfer,card,success,Abuja,web,0,2025-01-06 03:00:00
125,1763,174494.13,payment,card,success,Kano,android,0,2025-01-06 04:00:00
126,1187,468355.75,bill,wallet,success,Kano,ios,0,2025-01-06 05:00:00
127,1379,20073.57,transfer,card,failed,Kano,android,0,2025-01-06 06:00:00
128,1492,209264.04,transfer,card,success,Ibadan,ios,0,2025-01-06 07:00:00
129,1040,483806.49,payment,bank_transfer,success,Port Harcourt,web,0,2025-01-06 08:00:00
130,1156,274211.96,transfer,bank_transfer,success,Port Harcourt,web,0,2025-01-06 09:00:00
131,1014,212023.74,airtime,wallet,success,Lagos,ios,0,2025-01-06 10:00:00
132,1812,284475.88,airtime,bank_transfer,success,Ibadan,ios,0,2025-01-06 11:00:00
133,1064,288174.33,bill,bank_transfer,success,Kano,android,0,2025-01-06 12:00:00
134,1856,365958.05,transfer,card,failed,Kano,web,0,2025-01-06 13:00:00
135,1838,64281.02,payment,ussd,success,Abuja,android,0,2025-01-06 14:00:00
136,1520,125383.22,airtime,bank_transfer,success,Abuja,android,0,2025-01-06 15:00:00
137,1343,290481.73,payment,ussd,success,Kano,android,0,2025-01-06 16:00:00
138,1128,433624.75,payment,bank_transfer,success,Kano,web,1,2025-01-06 17:00:00
139,1647,281152.41,airtime,bank_transfer,success,Ibadan,android,0,2025-01-06 18:00:00
140,1471,119679.13,payment,wallet,success,Port Harcourt,android,0,2025-01-06 19:00:00
141,1062,340082.47,airtime,wallet,success,Abuja,android,0,2025-01-06 20:00:00
142,1138,370084.43,payment,wallet,pending,Port Harcourt,android,0,2025-01-06 21:00:00
143,1498,119498.96,airtime,ussd,success,Ibadan,android,0,2025-01-06 22:00:00
144,1592,189175.58,transfer,card,success,Kano,android,0,2025-01-06 23:00:00
145,1391,267396.57,bill,bank_transfer,success,Port Harcourt,web,0,2025-01-07 00:00:00
146,1674,248532.31,airtime,bank_transfer,success,Kano,android,0,2025-01-07 01:00:00
147,1418,195114.23,airtime,bank_transfer,success,Kano,ios,0,2025-01-07 02:00:00
148,1288,149168.77,bill,ussd,success,Lagos,android,0,2025-01-07 03:00:00
149,1378,50442.45,airtime,wallet,success,Port Harcourt,android,1,2025-01-07 04:00:00
150,1772,27215.91,airtime,card,success,Port Harcourt,web,0,2025-01-07 05:00:00
151,1489,479291.48,payment,ussd,success,Kano,web,1,2025-01-07 06:00:00
152,1230,423648.0,bill,wallet,failed,Ibadan,ios,0,2025-01-07 07:00:00
153,1040,177775.14,transfer,ussd,success,Lagos,ios,0,2025-01-07 08:00:00
154,1027,478422.04,airtime,card,success,Kano,web,0,2025-01-07 09:00:00
155,1134,338546.57,bill,wallet,success,Abuja,web,0,2025-01-07 10:00:00
156,1200,241519.21,payment,ussd,pending,Abuja,android,0,2025-01-07 11:00:00
157,1839,246766.32,transfer,card,success,Lagos,web,0,2025-01-07 12:00:00
158,1779,42100.56,bill,bank_transfer,success,Ibadan,ios,0,2025-01-07 13:00:00
159,1929,46306.22,transfer,card,success,Kano,android,1,2025-01-07 14:00:00
160,1032,301419.24,transfer,bank_transfer,success,Port Harcourt,ios,0,2025-01-07 15:00:00
161,1047,277074.67,transfer,ussd,success,Lagos,android,0,2025-01-07 16:00:00
162,1502,106757.58,airtime,wallet,success,Ibadan,web,0,2025-01-07 17:00:00
163,1406,473124.17,airtime,wallet,success,Port Harcourt,ios,0,2025-01-07 18:00:00
164,1573,390757.38,payment,ussd,success,Abuja,android,0,2025-01-07 19:00:00
165,1727,57175.57,payment,wallet,success,Abuja,android,0,2025-01-07 20:00:00
166,1804,465499.09,bill,wallet,success,Port Harcourt,web,0,2025-01-07 21:00:00
167,1098,487136.98,payment,bank_transfer,success,Lagos,web,0,2025-01-07 22:00:00
168,1683,497967.66,transfer,ussd,success,Abuja,web,0,2025-01-07 23:00:00
169,1871,28407.64,transfer,card,success,Kano,ios,0,2025-01-08 00:00:00
170,1725,368649.26,airtime,bank_transfer,success,Port Harcourt,android,0,2025-01-08 01:00:00
171,1986,273184.93,transfer,ussd,success,Port Harcourt,web,0,2025-01-08 02:00:00
172,1546,353062.83,bill,bank_transfer,pending,Abuja,ios,0,2025-01-08 03:00:00
173,1960,484341.65,transfer,card,success,Lagos,ios,0,2025-01-08 04:00:00
174,1738,344170.99,transfer,card,success,Kano,ios,0,2025-01-08 05:00:00
175,1612,418563.46,bill,ussd,success,Lagos,web,0,2025-01-08 06:00:00
176,1942,433500.92,payment,card,success,Ibadan,web,0,2025-01-08 07:00:00
177,1461,419321.14,payment,bank_transfer,success,Ibadan,android,0,2025-01-08 08:00:00
178,1642,213332.69,bill,card,success,Abuja,android,0,2025-01-08 09:00:00
179,1768,111676.92,airtime,bank_transfer,success,Abuja,web,0,2025-01-08 10:00:00
180,1004,198627.48,transfer,bank_transfer,success,Abuja,ios,0,2025-01-08 11:00:00
181,1217,446002.51,bill,card,pending,Ibadan,ios,0,2025-01-08 12:00:00
182,1502,73729.11,transfer,ussd,success,Lagos,ios,0,2025-01-08 13:00:00
183,1766,256906.42,airtime,wallet,success,Lagos,android,0,2025-01-08 14:00:00
184,1397,116997.42,transfer,card,success,Abuja,ios,0,2025-01-08 15:00:00
185,1870,290862.06,bill,bank_transfer,success,Kano,android,0,2025-01-08 16:00:00
186,1794,431637.69,transfer,bank_transfer,success,Lagos,android,0,2025-01-08 17:00:00
187,1392,440239.8,payment,card,success,Ibadan,ios,0,2025-01-08 18:00:00
188,1206,118724.25,airtime,ussd,pending,Port Harcourt,ios,0,2025-01-08 19:00:00
189,1014,453893.01,airtime,ussd,success,Port Harcourt,web,0,2025-01-08 20:00:00
190,1857,296148.43,airtime,bank_transfer,success,Port Harcourt,web,0,2025-01-08 21:00:00
191,1553,175434.01,bill,bank_transfer,pending,Kano,ios,0,2025-01-08 22:00:00
192,1891,354236.51,airtime,ussd,success,Abuja,android,0,2025-01-08 23:00:00
193,1460,241092.66,payment,wallet,success,Ibadan,android,0,2025-01-09 00:00:00
194,1690,189304.8,bill,card,success,Kano,android,0,2025-01-09 01:00:00
195,1574,352689.64,payment,bank_transfer,failed,Ibadan,android,0,2025-01-09 02:00:00
196,1863,124737.72,transfer,bank_transfer,failed,Ibadan,android,0,2025-01-09 03:00:00
197,1742,165461.14,transfer,ussd,success,Abuja,web,0,2025-01-09 04:00:00
198,1240,217508.7,transfer,card,success,Port Harcourt,ios,0,2025-01-09 05:00:00
199,1563,127214.25,transfer,ussd,success,Abuja,web,0,2025-01-09 06:00:00
200,1095,202898.44,payment,card,pending,Kano,android,0,2025-01-09 07:00:00
201,1899,285950.78,bill,card,success,Kano,android,0,2025-01-09 08:00:00
202,1733,370616.44,bill,card,pending,Kano,android,0,2025-01-09 09:00:00
203,1484,383713.83,airtime,bank_transfer,failed,Abuja,android,0,2025-01-09 10:00:00
204,1406,411483.78,payment,wallet,success,Ibadan,ios,0,2025-01-09 11:00:00
205,1230,372233.72,transfer,ussd,success,Ibadan,android,0,2025-01-09 12:00:00
206,1748,340679.19,payment,wallet,success,Lagos,ios,0,2025-01-09 13:00:00
207,1654,119134.48,airtime,ussd,success,Kano,android,1,2025-01-09 14:00:00
208,1170,200411.33,airtime,card,success,Ibadan,ios,0,2025-01-09 15:00:00
209,1540,239118.59,payment,bank_transfer,success,Lagos,web,0,2025-01-09 16:00:00
210,1035,41904.22,payment,wallet,failed,Ibadan,android,0,2025-01-09 17:00:00
211,1524,264420.88,payment,bank_transfer,pending,Kano,ios,0,2025-01-09 18:00:00
212,1159,218449.75,bill,ussd,success,Port Harcourt,web,0,2025-01-09 19:00:00
213,1838,401153.57,transfer,bank_transfer,success,Kano,android,0,2025-01-09 20:00:00
214,1698,488961.38,payment,bank_transfer,success,Abuja,android,1,2025-01-09 21:00:00
215,1242,278224.52,payment,wallet,success,Ibadan,android,0,2025-01-09 22:00:00
216,1085,161681.85,payment,card,success,Ibadan,ios,0,2025-01-09 23:00:00
217,1795,22178.69,airtime,bank_transfer,success,Abuja,ios,0,2025-01-10 00:00:00
218,1577,462359.34,airtime,card,pending,Abuja,web,0,2025-01-10 01:00:00
219,1681,459598.3,bill,ussd,success,Port Harcourt,ios,0,2025-01-10 02:00:00
220,1556,126868.59,transfer,bank_transfer,pending,Ibadan,ios,0,2025-01-10 03:00:00
221,1573,347857.86,bill,wallet,failed,Ibadan,android,0,2025-01-10 04:00:00
222,1952,38179.56,transfer,ussd,success,Port Harcourt,android,0,2025-01-10 05:00:00
223,1645,83524.61,airtime,ussd,failed,Lagos,android,0,2025-01-10 06:00:00
224,1795,108796.15,airtime,wallet,success,Port Harcourt,android,0,2025-01-10 07:00:00
225,1027,147599.73,airtime,bank_transfer,success,Kano,android,0,2025-01-10 08:00:00
226,1619,497917.77,bill,bank_transfer,success,Ibadan,android,0,2025-01-10 09:00:00
227,1555,348614.07,payment,ussd,success,Abuja,android,0,2025-01-10 10:00:00
228,1339,192408.81,payment,bank_transfer,success,Kano,web,0,2025-01-10 11:00:00
229,1797,368681.8,airtime,card,success,Ibadan,web,0,2025-01-10 12:00:00
230,1957,457669.54,payment,wallet,success,Port Harcourt,web,1,2025-01-10 13:00:00
231,1330,479371.85,payment,card,success,Kano,web,0,2025-01-10 14:00:00
232,1639,29403.02,bill,bank_transfer,success,Ibadan,android,0,2025-01-10 15:00:00
233,1505,197563.64,transfer,ussd,success,Lagos,web,0,2025-01-10 16:00:00
234,1347,53824.65,airtime,wallet,success,Lagos,android,0,2025-01-10 17:00:00
235,1472,168162.2,airtime,bank_transfer,success,Abuja,web,0,2025-01-10 18:00:00
236,1230,85255.11,bill,bank_transfer,success,Ibadan,ios,0,2025-01-10 19:00:00
237,1189,323600.76,bill,ussd,success,Lagos,web,0,2025-01-10 20:00:00
238,1224,194440.06,payment,ussd,success,Port Harcourt,web,0,2025-01-10 21:00:00
239,1384,115082.68,airtime,card,success,Ibadan,android,0,2025-01-10 22:00:00
240,1376,133335.99,transfer,wallet,success,Port Harcourt,web,0,2025-01-10 23:00:00
241,1282,180492.38,bill,wallet,success,Port Harcourt,ios,0,2025-01-11 00:00:00
242,1957,130344.96,transfer,ussd,success,Lagos,android,0,2025-01-11 01:00:00
243,1632,226893.8,transfer,card,pending,Ibadan,android,0,2025-01-11 02:00:00
244,1627,16641.82,airtime,wallet,failed,Kano,web,0,2025-01-11 03:00:00
245,1972,140241.87,airtime,ussd,pending,Lagos,android,0,2025-01-11 04:00:00
246,1744,205897.76,bill,bank_transfer,failed,Lagos,android,1,2025-01-11 05:00:00
247,1258,301589.55,airtime,wallet,success,Ibadan,android,0,2025-01-11 06:00:00
248,1358,135843.34,airtime,card,success,Ibadan,android,0,2025-01-11 07:00:00
249,1709,67025.97,airtime,card,success,Port Harcourt,android,1,2025-01-11 08:00:00
250,1455,38562.09,transfer,card,success,Ibadan,android,0,2025-01-11 09:00:00
251,1410,470295.65,bill,bank_transfer,success,Port Harcourt,ios,1,2025-01-11 10:00:00
252,1648,208611.21,payment,wallet,success,Lagos,web,0,2025-01-11 11:00:00
253,1317,290790.73,transfer,wallet,success,Abuja,ios,0,2025-01-11 12:00:00
254,1676,459628.69,airtime,bank_transfer,success,Kano,android,0,2025-01-11 13:00:00
255,1224,41832.84,transfer,wallet,success,Lagos,android,0,2025-01-11 14:00:00
256,1818,438392.41,airtime,bank_transfer,success,Ibadan,web,0,2025-01-11 15:00:00
257,1233,276018.14,airtime,bank_transfer,failed,Kano,ios,0,2025-01-11 16:00:00
258,1683,82834.71,transfer,bank_transfer,success,Abuja,web,0,2025-01-11 17:00:00
259,1663,205921.93,bill,card,failed,Abuja,ios,0,2025-01-11 18:00:00
260,1974,388912.34,airtime,wallet,success,Port Harcourt,android,0,2025-01-11 19:00:00
261,1826,240444.86,bill,bank_transfer,pending,Kano,web,0,2025-01-11 20:00:00
262,1373,492650.38,payment,wallet,success,Port Harcourt,web,0,2025-01-11 21:00:00
263,1671,188681.12,airtime,card,success,Lagos,android,0,2025-01-11 22:00:00
264,1607,374914.36,bill,bank_transfer,success,Kano,web,0,2025-01-11 23:00:00
265,1471,196798.23,bill,ussd,success,Lagos,ios,0,2025-01-12 00:00:00
266,1232,414667.53,payment,card,success,Port Harcourt,ios,0,2025-01-12 01:00:00
267,1691,284756.19,bill,ussd,success,Kano,ios,0,2025-01-12 02:00:00
268,1112,32224.16,bill,wallet,success,Port Harcourt,ios,0,2025-01-12 03:00:00
269,1829,18892.52,payment,wallet,success,Kano,android,0,2025-01-12 04:00:00
270,1496,67359.13,airtime,card,success,Port Harcourt,web,0,2025-01-12 05:00:00
271,1441,7329.15,bill,wallet,pending,Abuja,ios,0,2025-01-12 06:00:00
272,1563,38141.85,bill,ussd,success,Port Harcourt,android,0,2025-01-12 07:00:00
273,1267,346011.34,bill,bank_transfer,success,Abuja,web,0,2025-01-12 08:00:00
274,1509,267405.96,transfer,bank_transfer,success,Port Harcourt,web,0,2025-01-12 09:00:00
275,1806,375080.42,payment,bank_transfer,success,Kano,android,0,2025-01-12 10:00:00
276,1385,456626.29,transfer,card,success,Kano,android,0,2025-01-12 11:00:00
277,1386,292782.19,payment,wallet,pending,Kano,ios,0,2025-01-12 12:00:00
278,1112,363197.36,airtime,ussd,failed,Ibadan,web,1,2025-01-12 13:00:00
279,1612,378662.06,airtime,wallet,success,Lagos,web,0,2025-01-12 14:00:00
280,1624,189236.35,bill,wallet,success,Kano,android,0,2025-01-12 15:00:00
281,1951,120921.87,payment,wallet,failed,Abuja,web,0,2025-01-12 16:00:00
282,1080,102920.14,airtime,bank_transfer,success,Kano,ios,0,2025-01-12 17:00:00
283,1698,126095.5,payment,ussd,success,Ibadan,web,0,2025-01-12 18:00:00
284,1112,137728.53,airtime,ussd,success,Abuja,android,0,2025-01-12 19:00:00
285,1001,104010.21,transfer,wallet,success,Ibadan,android,0,2025-01-12 20:00:00
286,1641,439171.22,airtime,bank_transfer,success,Abuja,ios,0,2025-01-12 21:00:00
287,1219,378621.07,transfer,bank_transfer,pending,Port Harcourt,ios,0,2025-01-12 22:00:00
288,1565,23924.79,airtime,ussd,success,Lagos,web,0,2025-01-12 23:00:00
289,1854,134701.9,bill,bank_transfer,success,Lagos,web,0,2025-01-13 00:00:00
290,1996,11581.28,transfer,bank_transfer,failed,Ibadan,android,0,2025-01-13 01:00:00
291,1735,249333.51,airtime,bank_transfer,success,Lagos,ios,0,2025-01-13 02:00:00
292,1224,238367.24,bill,card,success,Ibadan,ios,0,2025-01-13 03:00:00
293,1384,415770.06,transfer,wallet,success,Ibadan,ios,0,2025-01-13 04:00:00
294,1402,154234.73,bill,ussd,success,Ibadan,web,0,2025-01-13 05:00:00
295,1637,408284.67,payment,ussd,success,Lagos,ios,1,2025-01-13 06:00:00
296,1129,484002.9,payment,card,success,Ibadan,android,0,2025-01-13 07:00:00
297,1052,44659.91,transfer,wallet,success,Lagos,android,0,2025-01-13 08:00:00
298,1683,396013.01,airtime,ussd,success,Ibadan,web,0,2025-01-13 09:00:00
299,1729,295182.97,transfer,bank_transfer,success,Kano,web,1,2025-01-13 10:00:00
300,1671,240282.96,bill,ussd,success,Ibadan,ios,0,2025-01-13 11:00:00
301,1709,210557.62,airtime,bank_transfer,success,Abuja,web,1,2025-01-13 12:00:00
302,1415,392441.8,payment,card,pending,Ibadan,android,1,2025-01-13 13:00:00
303,1246,319861.0,airtime,bank_transfer,success,Port Harcourt,ios,0,2025-01-13 14:00:00
304,1835,402619.81,payment,ussd,success,Ibadan,android,1,2025-01-13 15:00:00
305,1438,451623.95,airtime,ussd,success,Abuja,ios,0,2025-01-13 16:00:00
306,1202,308823.22,airtime,ussd,success,Abuja,web,0,2025-01-13 17:00:00
307,1183,490241.13,airtime,card,success,Lagos,ios,0,2025-01-13 18:00:00
308,1122,304239.88,bill,card,failed,Kano,ios,0,2025-01-13 19:00:00
309,1400,318503.84,bill,wallet,success,Ibadan,android,0,2025-01-13 20:00:00
310,1766,277630.4,transfer,ussd,failed,Lagos,android,0,2025-01-13 21:00:00
311,1293,45955.54,transfer,bank_transfer,success,Kano,ios,1,2025-01-13 22:00:00
312,1279,363335.32,payment,card,success,Ibadan,web,0,2025-01-13 23:00:00
313,1836,273949.43,bill,ussd,success,Port Harcourt,web,0,2025-01-14 00:00:00
314,1883,225729.77,payment,ussd,success,Ibadan,android,0,2025-01-14 01:00:00
315,1609,455280.4,transfer,card,success,Abuja,web,0,2025-01-14 02:00:00
316,1197,149330.75,payment,wallet,failed,Abuja,android,1,2025-01-14 03:00:00
317,1981,262039.34,transfer,card,success,Port Harcourt,web,0,2025-01-14 04:00:00
318,1906,348972.11,bill,card,success,Lagos,ios,1,2025-01-14 05:00:00
319,1510,398337.65,airtime,bank_transfer,success,Kano,android,0,2025-01-14 06:00:00
320,1751,229943.73,bill,bank_transfer,success,Ibadan,android,0,2025-01-14 07:00:00
321,1143,421124.66,payment,wallet,success,Abuja,ios,0,2025-01-14 08:00:00
322,1608,384574.41,payment,ussd,success,Lagos,android,0,2025-01-14 09:00:00
323,1200,33584.87,bill,card,success,Port Harcourt,web,0,2025-01-14 10:00:00
324,1123,23407.7,bill,wallet,success,Abuja,web,0,2025-01-14 11:00:00
325,1186,310592.44,transfer,bank_transfer,success,Port Harcourt,android,0,2025-01-14 12:00:00
326,1325,174033.0,payment,card,success,Ibadan,web,0,2025-01-14 13:00:00
327,1463,104960.83,payment,ussd,success,Kano,android,0,2025-01-14 14:00:00
328,1348,290035.14,bill,bank_transfer,success,Abuja,ios,0,2025-01-14 15:00:00
329,1770,171110.82,airtime,bank_transfer,success,Abuja,android,0,2025-01-14 16:00:00
330,1659,268863.08,payment,bank_transfer,success,Ibadan,ios,0,2025-01-14 17:00:00
331,1763,230329.52,airtime,wallet,success,Lagos,web,0,2025-01-14 18:00:00
332,1954,292590.67,bill,ussd,success,Kano,ios,0,2025-01-14 19:00:00
333,1931,200450.09,bill,card,success,Abuja,web,0,2025-01-14 20:00:00
334,1402,348984.95,transfer,wallet,success,Kano,android,0,2025-01-14 21:00:00
335,1345,90443.6,payment,wallet,success,Abuja,web,0,2025-01-14 22:00:00
336,1962,348402.48,airtime,wallet,failed,Kano,android,0,2025-01-14 23:00:00
337,1510,206124.78,transfer,bank_transfer,success,Port Harcourt,android,0,2025-01-15 00:00:00
338,1146,437221.64,payment,ussd,success,Abuja,ios,0,2025-01-15 01:00:00
339,1147,257860.41,transfer,wallet,pending,Kano,ios,0,2025-01-15 02:00:00
340,1863,486568.62,bill,card,success,Lagos,ios,0,2025-01-15 03:00:00
341,1710,301166.73,payment,ussd,success,Port Harcourt,ios,0,2025-01-15 04:00:00
342,1819,112312.61,transfer,card,success,Port Harcourt,web,0,2025-01-15 05:00:00
343,1488,410984.42,transfer,ussd,success,Lagos,web,0,2025-01-15 06:00:00
344,1928,172868.77,airtime,card,success,Kano,web,0,2025-01-15 07:00:00
345,1935,174135.8,transfer,bank_transfer,success,Ibadan,android,0,2025-01-15 08:00:00
346,1639,16386.44,payment,wallet,success,Lagos,web,0,2025-01-15 09:00:00
347,1550,274583.3,payment,card,success,Kano,web,0,2025-01-15 10:00:00
348,1337,267444.54,airtime,ussd,success,Lagos,web,0,2025-01-15 11:00:00
349,1871,178317.75,payment,wallet,failed,Lagos,ios,1,2025-01-15 12:00:00
350,1640,447161.52,bill,wallet,success,Abuja,web,0,2025-01-15 13:00:00
351,1778,64809.82,payment,ussd,success,Kano,android,0,2025-01-15 14:00:00
352,1987,165384.71,payment,card,success,Ibadan,ios,0,2025-01-15 15:00:00
353,1952,161130.59,transfer,bank_transfer,success,Abuja,android,0,2025-01-15 16:00:00
354,1472,46599.15,transfer,bank_transfer,success,Lagos,web,0,2025-01-15 17:00:00
355,1945,240832.12,payment,card,success,Lagos,ios,0,2025-01-15 18:00:00
356,1150,344048.47,airtime,wallet,success,Lagos,android,1,2025-01-15 19:00:00
357,1414,256072.68,transfer,wallet,success,Kano,web,0,2025-01-15 20:00:00
358,1989,78910.35,airtime,wallet,success,Kano,android,0,2025-01-15 21:00:00
359,1297,188954.34,payment,wallet,success,Abuja,android,0,2025-01-15 22:00:00
360,1610,1796.21,payment,card,success,Ibadan,android,0,2025-01-15 23:00:00
361,1262,434216.4,bill,wallet,success,Abuja,web,0,2025-01-16 00:00:00
362,1763,42716.25,transfer,ussd,pending,Port Harcourt,web,0,2025-01-16 01:00:00
363,1143,298840.4,payment,wallet,success,Lagos,android,0,2025-01-16 02:00:00
364,1345,493135.37,bill,bank_transfer,success,Lagos,ios,0,2025-01-16 03:00:00
365,1623,268527.03,transfer,wallet,success,Lagos,ios,0,2025-01-16 04:00:00
366,1571,462058.86,payment,card,success,Abuja,web,0,2025-01-16 05:00:00
367,1880,118440.21,payment,bank_transfer,pending,Abuja,web,0,2025-01-16 06:00:00
368,1001,380097.73,transfer,card,success,Lagos,web,0,2025-01-16 07:00:00
369,1896,265867.24,transfer,card,success,Abuja,web,0,2025-01-16 08:00:00
370,1303,360397.77,transfer,bank_transfer,success,Kano,web,0,2025-01-16 09:00:00
371,1253,31639.51,payment,card,success,Kano,ios,0,2025-01-16 10:00:00
372,1651,74295.68,payment,card,success,Abuja,web,0,2025-01-16 11:00:00
373,1452,66991.91,bill,wallet,failed,Lagos,android,0,2025-01-16 12:00:00
374,1036,343739.17,airtime,ussd,success,Abuja,android,0,2025-01-16 13:00:00
375,1159,422298.12,transfer,card,success,Abuja,ios,1,2025-01-16 14:00:00
376,1008,374933.31,payment,card,pending,Abuja,android,0,2025-01-16 15:00:00
377,1232,15720.84,payment,card,success,Port Harcourt,ios,0,2025-01-16 16:00:00
378,1098,433673.88,transfer,wallet,success,Kano,ios,0,2025-01-16 17:00:00
379,1658,177396.26,airtime,ussd,success,Ibadan,android,0,2025-01-16 18:00:00
380,1815,198883.33,transfer,bank_transfer,pending,Ibadan,web,0,2025-01-16 19:00:00
381,1207,52882.15,airtime,wallet,success,Port Harcourt,android,0,2025-01-16 20:00:00
382,1130,368833.9,payment,wallet,success,Abuja,android,0,2025-01-16 21:00:00
383,1403,91550.8,airtime,ussd,success,Port Harcourt,ios,0,2025-01-16 22:00:00
384,1151,282200.56,bill,ussd,success,Port Harcourt,android,0,2025-01-16 23:00:00
385,1053,420434.64,payment,wallet,success,Lagos,ios,0,2025-01-17 00:00:00
386,1119,45057.56,bill,bank_transfer,success,Kano,web,0,2025-01-17 01:00:00
387,1672,267900.11,transfer,wallet,success,Ibadan,web,0,2025-01-17 02:00:00
388,1919,116991.6,transfer,ussd,success,Abuja,web,0,2025-01-17 03:00:00
389,1627,171791.97,transfer,bank_transfer,failed,Ibadan,android,0,2025-01-17 04:00:00
390,1586,237247.99,airtime,ussd,success,Ibadan,ios,0,2025-01-17 05:00:00
391,1624,177874.6,payment,bank_transfer,success,Kano,web,0,2025-01-17 06:00:00
392,1967,324587.01,transfer,card,success,Ibadan,ios,0,2025-01-17 07:00:00
393,1419,240051.26,transfer,ussd,success,Ibadan,ios,0,2025-01-17 08:00:00
394,1421,292307.64,payment,ussd,success,Port Harcourt,web,0,2025-01-17 09:00:00
395,1103,368542.83,transfer,wallet,success,Kano,web,0,2025-01-17 10:00:00
396,1851,279092.26,bill,ussd,success,Lagos,ios,0,2025-01-17 11:00:00
397,1253,293474.45,payment,ussd,success,Abuja,web,0,2025-01-17 12:00:00
398,1226,282447.04,payment,card,success,Ibadan,ios,0,2025-01-17 13:00:00
399,1111,189696.93,payment,ussd,success,Abuja,ios,0,2025-01-17 14:00:00
400,1509,169054.69,bill,card,success,Lagos,web,0,2025-01-17 15:00:00
401,1472,449873.87,payment,card,failed,Abuja,android,0,2025-01-17 16:00:00
402,1098,303973.83,bill,card,success,Lagos,web,0,2025-01-17 17:00:00
403,1152,122554.4,payment,card,pending,Port Harcourt,android,0,2025-01-17 18:00:00
404,1860,249374.73,airtime,bank_transfer,failed,Ibadan,ios,0,2025-01-17 19:00:00
405,1913,165509.07,transfer,wallet,success,Lagos,ios,0,2025-01-17 20:00:00
406,1895,466879.07,airtime,bank_transfer,success,Abuja,android,0,2025-01-17 21:00:00
407,1877,4263.41,transfer,ussd,success,Ibadan,ios,0,2025-01-17 22:00:00
408,1337,113053.73,bill,bank_transfer,success,Port Harcourt,android,0,2025-01-17 23:00:00
409,1705,182995.73,airtime,bank_transfer,success,Ibadan,android,0,2025-01-18 00:00:00
410,1821,244161.0,payment,ussd,success,Lagos,ios,0,2025-01-18 01:00:00
411,1162,425483.35,transfer,ussd,success,Port Harcourt,android,0,2025-01-18 02:00:00
412,1719,44399.87,transfer,ussd,success,Abuja,web,0,2025-01-18 03:00:00
413,1956,403029.51,airtime,bank_transfer,success,Port Harcourt,web,0,2025-01-18 04:00:00
414,1680,28298.92,bill,bank_transfer,success,Port Harcourt,ios,0,2025-01-18 05:00:00
415,1995,421235.86,airtime,ussd,success,Kano,ios,0,2025-01-18 06:00:00
416,1160,26291.92,bill,wallet,success,Port Harcourt,android,0,2025-01-18 07:00:00
417,1579,9612.12,bill,wallet,success,Port Harcourt,android,0,2025-01-18 08:00:00
418,1800,348632.25,transfer,card,success,Ibadan,android,0,2025-01-18 09:00:00
419,1397,498629.14,airtime,ussd,failed,Abuja,android,1,2025-01-18 10:00:00
420,1276,448356.83,airtime,card,success,Ibadan,web,0,2025-01-18 11:00:00
421,1815,288211.21,bill,wallet,success,Ibadan,web,0,2025-01-18 12:00:00
422,1915,458739.11,airtime,card,success,Lagos,ios,0,2025-01-18 13:00:00
423,1503,3147.35,payment,ussd,success,Ibadan,android,0,2025-01-18 14:00:00
424,1895,487546.05,payment,ussd,pending,Kano,android,0,2025-01-18 15:00:00
425,1391,245629.02,airtime,ussd,success,Kano,ios,0,2025-01-18 16:00:00
426,1134,361586.6,airtime,bank_transfer,pending,Lagos,android,1,2025-01-18 17:00:00
427,1194,410520.31,bill,card,success,Abuja,android,0,2025-01-18 18:00:00
428,1400,359369.41,payment,wallet,success,Abuja,android,0,2025-01-18 19:00:00
429,1639,267750.85,payment,wallet,success,Ibadan,android,0,2025-01-18 20:00:00
430,1032,238571.43,transfer,wallet,success,Ibadan,android,0,2025-01-18 21:00:00
431,1687,419371.99,bill,bank_transfer,success,Ibadan,ios,0,2025-01-18 22:00:00
432,1459,102936.24,transfer,bank_transfer,failed,Abuja,android,0,2025-01-18 23:00:00
433,1954,484013.04,payment,ussd,failed,Port Harcourt,ios,0,2025-01-19 00:00:00
434,1882,355620.76,bill,wallet,success,Kano,android,0,2025-01-19 01:00:00
435,1469,100153.71,airtime,bank_transfer,pending,Port Harcourt,web,0,2025-01-19 02:00:00
436,1374,368255.47,bill,ussd,failed,Port Harcourt,web,0,2025-01-19 03:00:00
437,1021,265155.09,airtime,wallet,success,Abuja,web,0,2025-01-19 04:00:00
438,1749,353761.43,airtime,card,success,Port Harcourt,web,0,2025-01-19 05:00:00
439,1669,384005.86,bill,ussd,success,Lagos,ios,0,2025-01-19 06:00:00
440,1037,44101.44,airtime,bank_transfer,success,Ibadan,ios,1,2025-01-19 07:00:00
441,1229,253298.93,transfer,bank_transfer,success,Lagos,android,0,2025-01-19 08:00:00
442,1364,466041.16,payment,ussd,success,Kano,web,0,2025-01-19 09:00:00
443,1562,160660.77,airtime,ussd,success,Ibadan,ios,0,2025-01-19 10:00:00
444,1437,297144.61,transfer,bank_transfer,success,Port Harcourt,android,0,2025-01-19 11:00:00
445,1775,184930.63,airtime,card,success,Kano,android,0,2025-01-19 12:00:00
446,1282,227406.85,payment,wallet,pending,Ibadan,ios,0,2025-01-19 13:00:00
447,1026,274527.26,transfer,card,failed,Port Harcourt,web,0,2025-01-19 14:00:00
448,1225,274686.53,payment,ussd,success,Lagos,android,0,2025-01-19 15:00:00
449,1276,101264.37,payment,card,failed,Ibadan,web,0,2025-01-19 16:00:00
450,1797,342443.49,transfer,bank_transfer,success,Port Harcourt,web,0,2025-01-19 17:00:00
451,1608,44390.12,transfer,ussd,success,Lagos,web,1,2025-01-19 18:00:00
452,1283,69842.97,transfer,wallet,success,Kano,android,0,2025-01-19 19:00:00
453,1878,1854.09,bill,bank_transfer,success,Kano,web,0,2025-01-19 20:00:00
454,1959,58789.68,transfer,bank_transfer,success,Kano,android,0,2025-01-19 21:00:00
455,1480,236846.52,transfer,wallet,success,Kano,web,0,2025-01-19 22:00:00
456,1452,303247.89,transfer,wallet,success,Abuja,android,0,2025-01-19 23:00:00
457,1828,397247.58,transfer,card,success,Ibadan,web,0,2025-01-20 00:00:00
458,1815,53796.28,airtime,ussd,success,Ibadan,ios,0,2025-01-20 01:00:00
459,1658,425438.37,bill,wallet,success,Abuja,web,0,2025-01-20 02:00:00
460,1515,373114.28,payment,wallet,success,Port Harcourt,web,0,2025-01-20 03:00:00
461,1546,204554.89,transfer,ussd,success,Port Harcourt,android,0,2025-01-20 04:00:00
462,1191,466502.56,airtime,wallet,success,Kano,android,0,2025-01-20 05:00:00
463,1048,495469.27,airtime,wallet,success,Lagos,web,0,2025-01-20 06:00:00
464,1511,102898.4,airtime,card,success,Port Harcourt,ios,0,2025-01-20 07:00:00
465,1016,189924.68,payment,bank_transfer,success,Lagos,ios,0,2025-01-20 08:00:00
466,1171,463261.49,transfer,bank_transfer,success,Ibadan,android,0,2025-01-20 09:00:00
467,1219,360937.48,bill,bank_transfer,success,Lagos,ios,0,2025-01-20 10:00:00
468,1157,24523.27,bill,bank_transfer,success,Ibadan,web,0,2025-01-20 11:00:00
469,1476,390866.48,airtime,wallet,success,Abuja,android,0,2025-01-20 12:00:00
470,1045,414056.47,payment,ussd,success,Abuja,web,0,2025-01-20 13:00:00
471,1372,375375.71,payment,ussd,success,Kano,android,0,2025-01-20 14:00:00
472,1517,399868.8,payment,card,success,Port Harcourt,android,0,2025-01-20 15:00:00
473,1098,412653.77,bill,card,success,Kano,android,0,2025-01-20 16:00:00
474,1891,93609.29,airtime,wallet,success,Ibadan,android,0,2025-01-20 17:00:00
475,1744,118228.03,transfer,ussd,success,Kano,ios,0,2025-01-20 18:00:00
476,1036,317062.4,bill,ussd,failed,Lagos,web,1,2025-01-20 19:00:00
477,1279,453979.13,airtime,bank_transfer,success,Ibadan,web,0,2025-01-20 20:00:00
478,1348,158440.19,airtime,wallet,success,Abuja,web,0,2025-01-20 21:00:00
479,1496,294359.18,transfer,wallet,success,Port Harcourt,android,0,2025-01-20 22:00:00
480,1301,341649.54,transfer,bank_transfer,success,Ibadan,ios,0,2025-01-20 23:00:00
481,1180,226248.33,transfer,wallet,success,Ibadan,web,0,2025-01-21 00:00:00
482,1606,357034.34,payment,wallet,success,Lagos,ios,0,2025-01-21 01:00:00
483,1098,449883.89,transfer,card,success,Port Harcourt,android,0,2025-01-21 02:00:00
484,1699,312238.72,airtime,ussd,success,Abuja,web,0,2025-01-21 03:00:00
485,1992,270120.64,transfer,wallet,success,Ibadan,ios,0,2025-01-21 04:00:00
486,1115,219652.97,airtime,card,pending,Ibadan,android,0,2025-01-21 05:00:00
487,1190,288954.39,bill,ussd,success,Lagos,ios,0,2025-01-21 06:00:00
488,1252,178003.54,payment,bank_transfer,success,Kano,web,0,2025-01-21 07:00:00
489,1980,196045.31,bill,card,success,Abuja,web,0,2025-01-21 08:00:00
490,1927,266162.81,bill,card,success,Port Harcourt,android,0,2025-01-21 09:00:00
491,1982,33776.25,airtime,ussd,success,Ibadan,android,0,2025-01-21 10:00:00
492,1160,114898.18,bill,bank_transfer,success,Ibadan,android,1,2025-01-21 11:00:00
493,1255,271653.23,airtime,card,success,Abuja,ios,0,2025-01-21 12:00:00
494,1322,216048.31,transfer,wallet,success,Kano,ios,0,2025-01-21 13:00:00
495,1127,166741.49,transfer,wallet,success,Ibadan,ios,0,2025-01-21 14:00:00
496,1017,365409.29,airtime,wallet,failed,Abuja,android,0,2025-01-21 15:00:00
497,1792,347011.94,transfer,bank_transfer,success,Lagos,web,0,2025-01-21 16:00:00
498,1734,83782.01,payment,card,success,Kano,web,1,2025-01-21 17:00:00
499,1565,439375.24,bill,wallet,success,Port Harcourt,ios,0,2025-01-21 18:00:00
500,1569,247964.1,payment,bank_transfer,success,Ibadan,ios,0,2025-01-21 19:00:00
